{
  "js": {
    "name": "JS SDK",
    "version": "1.3.1",
    "github": "https://github.com/growthbook/growthbook/tree/main/packages/sdk-js",
    "examples": [
      {
        "url": "https://github.com/growthbook/examples/tree/main/vanilla-typescript",
        "name": "Typescript example app"
      }
    ],
    "packageRepos": [
      {
        "name": "npm",
        "url": "https://www.npmjs.com/package/@growthbook/growthbook"
      }
    ],
    "capabilities": [
      "savedGroupReferences",
      "redirects",
      "prerequisites",
      "stickyBucketing",
      "visualEditorDragDrop",
      "remoteEval",
      "semverTargeting",
      "visualEditorJS",
      "visualEditor",
      "bucketingV2",
      "streaming",
      "encryption",
      "looseUnmarshalling"
    ]
  },
  "react": {
    "name": "React SDK",
    "version": "1.3.1",
    "github": "https://github.com/growthbook/growthbook/tree/main/packages/sdk-react",
    "examples": [
      {
        "url": "https://github.com/growthbook/examples/tree/main/next-js",
        "name": "Next.js example app"
      },
      {
        "url": "https://github.com/growthbook/examples/tree/main/next-js-pages",
        "name": "Next.js pages example app"
      },
      {
        "url": "https://docs.growthbook.io/guide/create-react-app-and-growthbook",
        "name": "Create React App guide"
      }
    ],
    "packageRepos": [
      {
        "name": "npm",
        "url": "https://www.npmjs.com/package/@growthbook/growthbook-react"
      }
    ],
    "capabilities": [
      "savedGroupReferences",
      "redirects",
      "prerequisites",
      "stickyBucketing",
      "visualEditorDragDrop",
      "remoteEval",
      "semverTargeting",
      "visualEditorJS",
      "visualEditor",
      "bucketingV2",
      "streaming",
      "encryption",
      "looseUnmarshalling"
    ]
  },
  "php": {
    "name": "PHP SDK",
    "version": "1.3.0",
    "github": "https://github.com/growthbook/growthbook-php",
    "examples": [],
    "packageRepos": [
      {
        "name": "Packagist (Composer)",
        "url": "https://packagist.org/packages/growthbook/growthbook"
      }
    ],
    "capabilities": [
      "bucketingV2",
      "encryption",
      "looseUnmarshalling"
    ]
  },
  "node": {
    "name": "Node SDK",
    "version": "1.3.1",
    "github": "https://github.com/growthbook/growthbook/tree/main/packages/sdk-js",
    "examples": [
      {
        "url": "http://localhost:3200/guide/express-js",
        "name": "Express.js guide"
      }
    ],
    "packageRepos": [
      {
        "name": "npm module",
        "url": "https://www.npmjs.com/package/@growthbook/growthbook"
      }
    ],
    "capabilities": [
      "savedGroupReferences",
      "redirects",
      "prerequisites",
      "stickyBucketing",
      "semverTargeting",
      "bucketingV2",
      "streaming",
      "encryption",
      "looseUnmarshalling"
    ]
  },
  "ruby": {
    "name": "Ruby SDK",
    "version": "1.3.0",
    "github": "https://github.com/growthbook/growthbook-ruby",
    "examples": [
      {
        "url": "https://github.com/growthbook/examples/tree/main/acme_donuts_rails",
        "name": "Rails example app"
      }
    ],
    "packageRepos": [
      {
        "name": "RubyGems",
        "url": "https://rubygems.org/gems/growthbook"
      }
    ],
    "capabilities": [
      "prerequisites",
      "stickyBucketing",
      "semverTargeting",
      "encryption",
      "bucketingV2",
      "looseUnmarshalling"
    ]
  },
  "python": {
    "name": "Python SDK",
    "version": "1.1.0",
    "github": "https://github.com/growthbook/growthbook-python",
    "examples": [],
    "packageRepos": [
      {
        "name": "PyPi",
        "url": "https://pypi.org/project/growthbook/"
      }
    ],
    "capabilities": [
      "looseUnmarshalling",
      "prerequisites",
      "stickyBucketing",
      "semverTargeting",
      "bucketingV2",
      "encryption"
    ]
  },
  "go": {
    "name": "Go SDK",
    "version": "0.2.0",
    "github": "https://github.com/growthbook/growthbook-golang",
    "examples": [
      {
        "url": "https://github.com/growthbook/examples/tree/main/go-example",
        "name": "Go example app"
      }
    ],
    "packageRepos": [
      {
        "name": "Go Modules",
        "url": "https://pkg.go.dev/github.com/growthbook/growthbook-golang"
      }
    ],
    "capabilities": [
      "prerequisites",
      "savedGroupReferences",
      "bucketingV2",
      "streaming",
      "semverTargeting",
      "encryption",
      "looseUnmarshalling"
    ]
  },
  "java": {
    "name": "Java SDK",
    "version": "0.9.91",
    "github": "https://github.com/growthbook/growthbook-sdk-java",
    "examples": [
      {
        "url": "https://github.com/growthbook/examples/tree/main/jvm-spring-web",
        "name": "JVM with Spring Web example app"
      },
      {
        "url": "https://github.com/growthbook/examples/tree/main/jvm-kotlin-ktor-example",
        "name": "JVM with Kotlin Ktor example app"
      },
      {
        "url": "https://github.com/growthbook/examples/tree/main/android-example",
        "name": "Android example app"
      },
      {
        "url": "https://growthbook.github.io/growthbook-sdk-java/",
        "name": "JavaDoc class docs"
      }
    ],
    "packageRepos": [
      {
        "name": "JitPack",
        "url": "https://jitpack.io/#growthbook/growthbook-sdk-java"
      }
    ],
    "capabilities": [
      "prerequisites",
      "streaming",
      "semverTargeting",
      "bucketingV2",
      "encryption",
      "looseUnmarshalling"
    ]
  },
  "csharp": {
    "name": "C# SDK",
    "version": "1.0.6",
    "github": "https://github.com/growthbook/growthbook-c-sharp",
    "examples": [
      {
        "url": "https://github.com/growthbook/examples/tree/main/csharp-example/GrowthBookCSharpExamples",
        "name": "C# example app"
      }
    ],
    "packageRepos": [
      {
        "name": "NuGet",
        "url": "https://www.nuget.org/packages/growthbook-c-sharp"
      }
    ],
    "capabilities": [
      "encryption",
      "streaming",
      "bucketingV2",
      "semverTargeting",
      "looseUnmarshalling"
    ]
  },
  "elixir": {
    "name": "Elixir SDK",
    "version": "0.2.0",
    "github": "https://github.com/growthbook/growthbook-elixir",
    "examples": [],
    "packageRepos": [
      {
        "name": "Hex",
        "url": "https://www.hex.pm/packages/growthbook"
      }
    ],
    "capabilities": [
      "prerequisites",
      "semverTargeting",
      "bucketingV2",
      "looseUnmarshalling"
    ]
  },
  "kotlin": {
    "name": "Kotlin SDK",
    "version": "1.1.60",
    "github": "https://github.com/growthbook/growthbook-kotlin",
    "examples": [],
    "packageRepos": [
      {
        "name": "Maven Central",
        "url": "https://mvnrepository.com/artifact/io.growthbook.sdk/GrowthBook"
      }
    ],
    "capabilities": [
      "remoteEval",
      "streaming",
      "prerequisites",
      "stickyBucketing",
      "bucketingV2",
      "semverTargeting",
      "encryption",
      "looseUnmarshalling"
    ]
  },
  "swift": {
    "name": "Swift SDK",
    "version": "1.0.62",
    "github": "https://github.com/growthbook/growthbook-swift",
    "examples": [],
    "packageRepos": [
      {
        "name": "Swift Package Manager (SPM)",
        "url": "https://swiftpackageindex.com/growthbook/growthbook-swift"
      }
    ],
    "capabilities": [
      "remoteEval",
      "stickyBucketing",
      "prerequisites",
      "bucketingV2",
      "streaming",
      "semverTargeting",
      "encryption",
      "looseUnmarshalling"
    ]
  },
  "reactNative": {
    "name": "React SDK",
    "version": "1.3.1",
    "github": "https://github.com/growthbook/growthbook/tree/main/packages/sdk-react",
    "examples": [
      {
        "url": "https://github.com/growthbook/examples/tree/main/react-native-cli",
        "name": "React Native CLI example app"
      }
    ],
    "packageRepos": [
      {
        "name": "npm",
        "url": "https://www.npmjs.com/package/@growthbook/growthbook-react"
      }
    ],
    "capabilities": [
      "savedGroupReferences",
      "redirects",
      "prerequisites",
      "stickyBucketing",
      "visualEditorDragDrop",
      "remoteEval",
      "semverTargeting",
      "visualEditorJS",
      "visualEditor",
      "bucketingV2",
      "streaming",
      "encryption",
      "looseUnmarshalling"
    ]
  },
  "edgeCloudflare": {
    "name": "Cloudflare Edge SDK",
    "version": "0.2.1",
    "github": "https://github.com/growthbook/growthbook-proxy/tree/main/packages/lib/edge-cloudflare",
    "examples": [
      {
        "url": "https://github.com/growthbook/growthbook-proxy/tree/main/packages/lib/edge-utils",
        "name": "Edge Utils"
      }
    ],
    "packageRepos": [
      {
        "name": "npm",
        "url": "https://www.npmjs.com/package/@growthbook/growthbook-proxy"
      }
    ],
    "capabilities": [
      "savedGroupReferences",
      "looseUnmarshalling",
      "encryption",
      "streaming",
      "bucketingV2",
      "visualEditor",
      "semverTargeting",
      "visualEditorJS",
      "visualEditorDragDrop",
      "prerequisites",
      "redirects",
      "stickyBucketing"
    ]
  },
  "flutter": {
    "name": "Flutter SDK",
    "version": "3.9.5",
    "github": "https://github.com/growthbook/growthbook-flutter",
    "examples": [],
    "packageRepos": [
      {
        "name": "pub.dev",
        "url": "https://pub.dev/packages/growthbook_sdk_flutter"
      }
    ],
    "capabilities": [
      "stickyBucketing",
      "remoteEval",
      "streaming",
      "prerequisites",
      "encryption",
      "bucketingV2",
      "semverTargeting",
      "looseUnmarshalling"
    ]
  }
}